Passenger_ID,Name,Gender,Contact,Email,Nationality,Date_of_Birth
P001,Nishith Dyal,Female,4896326706,gokul51@bala-sem.com,Ahmedabad,1988-09-13
P002,Ojas Yohannan,Male,+912315996866,mohanlal25@dixit-suresh.biz,Chennai,1995-06-11
P003,Tiya Rajagopalan,Female,02530288646,shrayloyal@hotmail.com,Vadodara,1972-09-18
P004,Vedika Talwar,Male,06314063218,aarnaloke@gmail.com,Nagpur,1979-03-23
P005,Madhav Mahajan,Male,01104313834,tanya41@yahoo.com,Chandigarh,1967-08-11
P006,Keya Bava,Male,2974712549,vivaan02@barad-mani.com,Kolkata,2003-06-27
P007,Samaira Zachariah,Female,0355069735,raghavdeshpande@gmail.com,Coimbatore,1998-08-14
P008,Jayesh Bahri,Male,07711098976,aaravsavant@ramesh.com,Vadodara,1964-12-04
P009,Arnav Kulkarni,Male,03580195417,zbose@reddy.info,Chandigarh,1967-03-30
P010,Ela Rattan,Male,7771021891,badaldarshit@sama.com,Vadodara,1981-11-13
P011,Hazel Iyengar,Male,04700384222,keya32@gmail.com,Nagpur,1993-11-13
P012,Ira Basu,Male,4982425898,vaibhav95@gmail.com,Mumbai,1979-10-18
P013,Baiju Kari,Female,01527743089,siballakshit@gmail.com,Vadodara,1973-05-12
P014,Vedika Ahuja,Female,03838551546,nirvaanrattan@yahoo.com,Indore,1978-01-23
P015,Seher Dixit,Male,0695128368,lavanya94@contractor.info,Hyderabad,1979-07-18
P016,Vardaniya Tella,Male,05446680127,aarnavora@venkataraman.net,Patna,1998-08-13
P017,Yasmin Anne,Female,+910954425739,indranil89@vyas-lala.org,Nagpur,1969-02-16
P018,Arhaan Chadha,Male,6667751550,rbalan@gmail.com,Bhopal,1967-03-18
P019,Saira Dutt,Male,05599638420,eshani19@yahoo.com,Delhi,1974-06-27
P020,Piya Sood,Male,2700362693,arhaan14@gaba.org,Delhi,1972-09-28
P021,Raunak Sengupta,Male,1391973591,anay24@yahoo.com,Lucknow,2003-07-13
P022,Lagan Soman,Female,+912074474599,kashvisarkar@sarkar-swaminathan.com,Chandigarh,2001-07-15
P023,Anahita Krish,Male,07818277141,kartik18@agrawal.com,Bangalore,1965-06-23
P024,Hansh Lata,Female,+910280736563,gkaran@hotmail.com,Vadodara,1972-02-23
P025,Riya Shetty,Male,6945365769,wbala@warrior.com,Surat,1986-06-17
